Бренд;URL
3-EN-UNO;https://www.leroymerlin.es/productos/marcas/3-en-uno/
3m;https://www.leroymerlin.es/productos/marcas/3m/
3M;https://www.leroymerlin.es/productos/marcas/3m/
Aduro;https://www.leroymerlin.es/productos/marcas/aduro/
AEG;https://www.leroymerlin.es/productos/marcas/aeg/
Aeropress;https://www.leroymerlin.es/productos/marcas/aeropress/
Aguaplast;https://www.leroymerlin.es/productos/marcas/aguaplast/
Aica;https://www.leroymerlin.es/productos/marcas/aica/
Aigostar;https://www.leroymerlin.es/productos/marcas/aigostar/
Aiper;https://www.leroymerlin.es/productos/marcas/aiper/
Aire+;https://www.leroymerlin.es/productos/marcas/aire/
Airpress;https://www.leroymerlin.es/productos/marcas/airpress/
Aktive;https://www.leroymerlin.es/productos/marcas/aktive/
Alberts;https://www.leroymerlin.es/productos/marcas/alberch/
Alecook;https://www.leroymerlin.es/productos/marcas/alecook/
Alpina;https://www.leroymerlin.es/productos/marcas/alpina/
Altuna;https://www.leroymerlin.es/productos/marcas/altuna/
Aluplak;https://www.leroymerlin.es/productos/marcas/aluplak/
Alvic;https://www.leroymerlin.es/productos/marcas/alvic/
AMIG;https://www.leroymerlin.es/productos/marcas/amig/
Amorim Cork;https://www.leroymerlin.es/productos/marcas/amorim-cork/
Andemen;https://www.leroymerlin.es/productos/marcas/andemen/
Angel Cerda;https://www.leroymerlin.es/productos/marcas/angel-cerda/
Angel Cerdá;https://www.leroymerlin.es/productos/marcas/angel-cerda/
Aplike;https://www.leroymerlin.es/productos/marcas/aplike/
Aqara;https://www.leroymerlin.es/productos/marcas/aqara/
AR Shelving;https://www.leroymerlin.es/productos/marcas/ar-shelving/
Arcane;https://www.leroymerlin.es/productos/marcas/arcane/
Arco;https://www.leroymerlin.es/productos/marcas/arco/
Argenta;https://www.leroymerlin.es/productos/marcas/argenta/
Ariston;https://www.leroymerlin.es/productos/marcas/ariston/
Armobany;https://www.leroymerlin.es/productos/marcas/armobany/
Arregui;https://www.leroymerlin.es/productos/marcas/arregui/
Arte Confort;https://www.leroymerlin.es/productos/marcas/arteconfort/
Artecristal;https://www.leroymerlin.es/productos/marcas/artecristal/
Artens;https://www.leroymerlin.es/productos/marcas/artens/
Artysan;https://www.leroymerlin.es/productos/marcas/artysan/
Ascale;https://www.leroymerlin.es/productos/marcas/ascale/
Astigarraga Kit Line;https://www.leroymerlin.es/productos/marcas/astigarraga/
Aurlane;https://www.leroymerlin.es/productos/marcas/aurlane-n/
Autosolar;https://www.leroymerlin.es/productos/marcas/autosolar/
Axton;https://www.leroymerlin.es/productos/marcas/axton/
AYR;https://www.leroymerlin.es/productos/marcas/ayr/
Azuvi;https://www.leroymerlin.es/productos/marcas/azuvi/
Balay;https://www.leroymerlin.es/productos/marcas/balay/
Bano Total;https://www.leroymerlin.es/productos/marcas/bano-total/
Baño Total;https://www.leroymerlin.es/productos/marcas/bano-total/
Banydea;https://www.leroymerlin.es/productos/marcas/banydea/
Basic;https://www.leroymerlin.es/productos/marcas/basic/
Basins;https://www.leroymerlin.es/productos/marcas/basins/
Bathco;https://www.leroymerlin.es/productos/marcas/bath-collection/
Baxi;https://www.leroymerlin.es/productos/marcas/baxi/
Bayer;https://www.leroymerlin.es/productos/marcas/bayer/
BAYROL;https://www.leroymerlin.es/productos/marcas/bayrol/
Beissier;https://www.leroymerlin.es/productos/marcas/beissier/
Beko;https://www.leroymerlin.es/productos/marcas/beko/
Bellobath;https://www.leroymerlin.es/productos/marcas/bellobath/
Bellota;https://www.leroymerlin.es/productos/marcas/bellota/
Benetton;https://www.leroymerlin.es/productos/marcas/benetton/
Bernstein;https://www.leroymerlin.es/productos/marcas/bernstein/
Bestherm;https://www.leroymerlin.es/productos/marcas/bestherm/
Bestway;https://www.leroymerlin.es/productos/marcas/bestway/
Bialetti;https://www.leroymerlin.es/productos/marcas/bialetti/
Bio+;https://www.leroymerlin.es/productos/marcas/bio/
Biohort;https://www.leroymerlin.es/productos/marcas/biohort/
Bissell;https://www.leroymerlin.es/productos/marcas/bissell/
BJC;https://www.leroymerlin.es/productos/marcas/bjc/
Black And Decker;https://www.leroymerlin.es/productos/marcas/black-and-decker/
BLACK+DECKER;https://www.leroymerlin.es/productos/marcas/black-and-decker/
Bluetti;https://www.leroymerlin.es/productos/marcas/bluetti/
Bormioli;https://www.leroymerlin.es/productos/marcas/bormioli/
Bosch;https://www.leroymerlin.es/productos/marcas/bosch/
Boschmarín;https://www.leroymerlin.es/productos/marcas/boschmarin/
Brabantia;https://www.leroymerlin.es/productos/marcas/brabantia/
Braun;https://www.leroymerlin.es/productos/marcas/braun/
Bricoeasy;https://www.leroymerlin.es/productos/marcas/bricoeasy/
Bricoplaza;https://www.leroymerlin.es/productos/marcas/bricoplaza/
Brilliant;https://www.leroymerlin.es/productos/marcas/brilliant/
BRITA;https://www.leroymerlin.es/productos/marcas/brita/
Britec;https://www.leroymerlin.es/productos/marcas/britec/
Broil King;https://www.leroymerlin.es/productos/marcas/broil-king/
Bruguer;https://www.leroymerlin.es/productos/marcas/bruguer/
Burg-wächter;https://www.leroymerlin.es/productos/marcas/burg-wachter/
BYD;https://www.leroymerlin.es/productos/marcas/byd/
Caminetti;https://www.leroymerlin.es/productos/marcas/caminetti/
Campingaz;https://www.leroymerlin.es/productos/marcas/campingaz/
Candela;https://www.leroymerlin.es/productos/marcas/candela/
Candy;https://www.leroymerlin.es/productos/marcas/candy/
Capa;https://www.leroymerlin.es/productos/marcas/capa/
Capsa;https://www.leroymerlin.es/productos/marcas/capsa/
Carmo;https://www.leroymerlin.es/productos/marcas/carmo/
Castalla;https://www.leroymerlin.es/productos/marcas/castalla/
Cata;https://www.leroymerlin.es/productos/marcas/cata/
Caterpillar;https://www.leroymerlin.es/productos/marcas/caterpillar/
Cecotec;https://www.leroymerlin.es/productos/marcas/cecotec/
Cementos Portland;https://www.leroymerlin.es/productos/marcas/cementos-portland/
Cerámica Mayor;https://www.leroymerlin.es/productos/marcas/ceramica-mayor/
Cerámicas La Paloma;https://www.leroymerlin.es/productos/marcas/ceramicas-paloma/
Cevik;https://www.leroymerlin.es/productos/marcas/cevik/
Ceys;https://www.leroymerlin.es/productos/marcas/ceys/
Chacon;https://www.leroymerlin.es/productos/marcas/chacon/
Chint;https://www.leroymerlin.es/productos/marcas/chint/
Chova;https://www.leroymerlin.es/productos/marcas/chova/
Ciarra;https://www.leroymerlin.es/productos/marcas/ciarra/
Cintacor;https://www.leroymerlin.es/productos/marcas/cintacor/
Claber;https://www.leroymerlin.es/productos/marcas/claber/
Codiven;https://www.leroymerlin.es/productos/marcas/codiven/
Cointra;https://www.leroymerlin.es/productos/marcas/cointra/
Color Desing;https://www.leroymerlin.es/productos/marcas/color-desing/
Command™;https://www.leroymerlin.es/productos/marcas/command/
Compac;https://www.leroymerlin.es/productos/marcas/compac/
Compo;https://www.leroymerlin.es/productos/marcas/compo/
Cool kids;https://www.leroymerlin.es/productos/marcas/cool-kids/
Corberó;https://www.leroymerlin.es/productos/marcas/corbero/
Corep;https://www.leroymerlin.es/productos/marcas/corep/
Cortinadecor;https://www.leroymerlin.es/productos/marcas/cortinadecor/
Cosori;https://www.leroymerlin.es/productos/marcas/cosori/
Cotton Artean;https://www.leroymerlin.es/productos/marcas/artean/
Coverlam;https://www.leroymerlin.es/productos/marcas/coverlam/
Crea espacios ordenados y diferentes.;https://www.leroymerlin.es/productos/marcas/emuca/
Creabath;https://www.leroymerlin.es/productos/marcas/creabath/
Create;https://www.leroymerlin.es/productos/marcas/create/
Cristal Record;https://www.leroymerlin.es/productos/marcas/cristal-record/
Cromados Modernos;https://www.leroymerlin.es/productos/marcas/cromados-modernos/
Cygnus Bath;https://www.leroymerlin.es/productos/marcas/cygnus-bath/
Daikin;https://www.leroymerlin.es/productos/marcas/daikin/
Daitsu;https://www.leroymerlin.es/productos/marcas/daitsu/
Dalber;https://www.leroymerlin.es/productos/marcas/dalber/
Danosa;https://www.leroymerlin.es/productos/marcas/danosa/
DC Solar Energy;https://www.leroymerlin.es/productos/marcas/dc-solar-energy/
Decoproyec;https://www.leroymerlin.es/productos/marcas/decoproyec/
Decor Et Jardin;https://www.leroymerlin.es/productos/marcas/decor-et-jardin/
DekoArte;https://www.leroymerlin.es/productos/marcas/dekoarte/
Dekton;https://www.leroymerlin.es/productos/marcas/dekton/
Delinia;https://www.leroymerlin.es/productos/marcas/delinia/
Delinia Id;https://www.leroymerlin.es/productos/marcas/delinia-id/
Delinia ID;https://www.leroymerlin.es/productos/marcas/delinia-id/
DeliVita;https://www.leroymerlin.es/productos/marcas/delivita/
Delonghi;https://www.leroymerlin.es/productos/marcas/delonghi/
Deocantera;https://www.leroymerlin.es/productos/marcas/deocantera/
Descansin;https://www.leroymerlin.es/productos/marcas/tienda-descansin/
DEWALT;https://www.leroymerlin.es/productos/marcas/dewalt/
Dexter;https://www.leroymerlin.es/productos/marcas/dexter/
Dexter Pro;https://www.leroymerlin.es/productos/marcas/dexter-pro/
Deye;https://www.leroymerlin.es/productos/marcas/deye/
Dhome;https://www.leroymerlin.es/productos/marcas/dhome/
Digebis;https://www.leroymerlin.es/productos/marcas/digebis/
DiO;https://www.leroymerlin.es/productos/marcas/dio/
Dolphin;https://www.leroymerlin.es/productos/marcas/dolphin/
Dormelle;https://www.leroymerlin.es/productos/marcas/dormelle/
Dremel;https://www.leroymerlin.es/productos/marcas/dremel/
DUÉRMETE ONLINE;https://www.leroymerlin.es/productos/marcas/duermete-online/
Dumawall;https://www.leroymerlin.es/productos/marcas/dumawall/
Duravit;https://www.leroymerlin.es/productos/marcas/duravit/
Duscholux;https://www.leroymerlin.es/productos/marcas/duscholux/
Easydeco;https://www.leroymerlin.es/productos/marcas/easydeco/
Eco-Blu;https://www.leroymerlin.es/productos/marcas/eco-blu/
Ecode;https://www.leroymerlin.es/productos/marcas/ecode/
Ecoflow;https://www.leroymerlin.es/productos/marcas/ecoflow/
Edesa Electrodomésticos;https://www.leroymerlin.es/productos/marcas/edesa-electrodomesticos/
Edouard Rousseau;https://www.leroymerlin.es/productos/marcas/rousseau/
Eglo;https://www.leroymerlin.es/productos/marcas/eglo/
Egore;https://www.leroymerlin.es/productos/marcas/egore/
Eider Biomasa;https://www.leroymerlin.es/productos/marcas/eider-biomasa/
Einhell;https://www.leroymerlin.es/productos/marcas/einhell/
Electrolux;https://www.leroymerlin.es/productos/marcas/electrolux/
Elica;https://www.leroymerlin.es/productos/marcas/elica/
Elnur Gabarron;https://www.leroymerlin.es/productos/marcas/elnur-gabarron/
Emac;https://www.leroymerlin.es/productos/marcas/emac/
Emuca;https://www.leroymerlin.es/productos/marcas/emuca/
Energeeks;https://www.leroymerlin.es/productos/marcas/energeeks/
Energizer;https://www.leroymerlin.es/productos/marcas/energizer/
Enki;https://www.leroymerlin.es/productos/marcas/enki/
Equation;https://www.leroymerlin.es/productos/marcas/equation/
Escaleras Villar;https://www.leroymerlin.es/productos/marcas/escaleras-villar/
Espa;https://www.leroymerlin.es/productos/marcas/espa/
Essebagno;https://www.leroymerlin.es/productos/marcas/essebagno/
Eufy;https://www.leroymerlin.es/productos/marcas/eufy/
Euronit;https://www.leroymerlin.es/productos/marcas/euronit/
Eurosegur;https://www.leroymerlin.es/productos/marcas/eurosegur/
Exagres;https://www.leroymerlin.es/productos/marcas/exagres/
Ez Plus;https://www.leroymerlin.es/productos/marcas/ez-plus/
Ezviz;https://www.leroymerlin.es/productos/marcas/ezviz/
FAC;https://www.leroymerlin.es/productos/marcas/fac/
Fackelmann;https://www.leroymerlin.es/productos/marcas/fackelman/
Facula;https://www.leroymerlin.es/productos/marcas/facula/
Fácula;https://www.leroymerlin.es/productos/marcas/facula/
Fagor;https://www.leroymerlin.es/productos/marcas/fagor/
Falcat;https://www.leroymerlin.es/productos/marcas/falcat/
Feel Your Bath;https://www.leroymerlin.es/productos/marcas/feel-your-bath/
Fermacell;https://www.leroymerlin.es/productos/marcas/fermacell/
Fermax;https://www.leroymerlin.es/productos/marcas/fermax/
Ferroli;https://www.leroymerlin.es/productos/marcas/ferroli/
Fila Solutions;https://www.leroymerlin.es/productos/marcas/fila-solutions/
Finsa;https://www.leroymerlin.es/productos/marcas/finsa/
Fischer;https://www.leroymerlin.es/productos/marcas/fischer/
Fiskars;https://www.leroymerlin.es/productos/marcas/fiskars/
Fleck;https://www.leroymerlin.es/productos/marcas/fleck/
Flex;https://www.leroymerlin.es/productos/marcas/flex/
Fominaya;https://www.leroymerlin.es/productos/marcas/fominaya/
Fonestar;https://www.leroymerlin.es/productos/marcas/fonestar/
Fontini;https://www.leroymerlin.es/productos/marcas/fontini/
Forge Adour;https://www.leroymerlin.es/productos/marcas/forge-adour/
Forlight;https://www.leroymerlin.es/productos/marcas/forlight/
Franke;https://www.leroymerlin.es/productos/marcas/fregaderos-franke/
Fregaderos Franke;https://www.leroymerlin.es/productos/marcas/fregaderos-franke/
Fujitsu;https://www.leroymerlin.es/productos/marcas/fujitsu/
Fusion Home;https://www.leroymerlin.es/productos/marcas/fushion-home/
Gabelex;https://www.leroymerlin.es/productos/marcas/gabelex/
Gaggia;https://www.leroymerlin.es/productos/marcas/gaggia/
Gala;https://www.leroymerlin.es/productos/marcas/gala/
Garbar;https://www.leroymerlin.es/productos/marcas/garvar/
Gardena;https://www.leroymerlin.es/productos/marcas/gardena/
Gardenode;https://www.leroymerlin.es/productos/marcas/gardenode/
Garland;https://www.leroymerlin.es/productos/marcas/garland/
Garza;https://www.leroymerlin.es/productos/marcas/garza/
Garza SmartHome;https://www.leroymerlin.es/productos/marcas/garza-smarthome/
Gayafores;https://www.leroymerlin.es/productos/marcas/gayafores/
Gedy;https://www.leroymerlin.es/productos/marcas/gedy/
Genergy;https://www.leroymerlin.es/productos/marcas/genergy/
Geolia;https://www.leroymerlin.es/productos/marcas/geolia/
Geopannel;https://www.leroymerlin.es/productos/marcas/geopannel/
Gerflor;https://www.leroymerlin.es/productos/marcas/gerflor/
Gierre;https://www.leroymerlin.es/productos/marcas/gierre/
GME División Baños;https://www.leroymerlin.es/productos/marcas/gme-division-banos/
Google;https://www.leroymerlin.es/productos/marcas/google/
Graf;https://www.leroymerlin.es/productos/marcas/graf/
Graphenstone;https://www.leroymerlin.es/productos/marcas/graphenstone/
Gre;https://www.leroymerlin.es/productos/marcas/gre/
Greenice;https://www.leroymerlin.es/productos/marcas/greenice/
Grespania;https://www.leroymerlin.es/productos/marcas/grespania/
Griferías Maier;https://www.leroymerlin.es/productos/marcas/griferias-maier/
Grohe;https://www.leroymerlin.es/productos/marcas/grohe/
Grosfillex;https://www.leroymerlin.es/productos/marcas/grosfillex/
Growatt;https://www.leroymerlin.es/productos/marcas/growatt/
Grupo Puma;https://www.leroymerlin.es/productos/marcas/grupo-puma/
Haier;https://www.leroymerlin.es/productos/marcas/haier/
Haier electrodomésticos;https://www.leroymerlin.es/productos/marcas/haier-electrodomesticos/
Hailo;https://www.leroymerlin.es/productos/marcas/hailo/
Hansgrohe;https://www.leroymerlin.es/productos/marcas/hansgrohe/
Haverland;https://www.leroymerlin.es/productos/marcas/haverland/
Help Flash;https://www.leroymerlin.es/productos/marcas/help-flash/
Hergom;https://www.leroymerlin.es/productos/marcas/hergom/
Hg;https://www.leroymerlin.es/productos/marcas/hg/
HJM;https://www.leroymerlin.es/productos/marcas/hjm/
Hoggar;https://www.leroymerlin.es/productos/marcas/hoggar/
Homcom;https://www.leroymerlin.es/productos/marcas/homcom/
Home mercury;https://www.leroymerlin.es/productos/marcas/home-mercury/
Homekit Mobel;https://www.leroymerlin.es/productos/marcas/homekit-mobiliario-del-hogar/
Homestar;https://www.leroymerlin.es/productos/marcas/homestar/
Hozelock;https://www.leroymerlin.es/productos/marcas/hozelock/
HTW;https://www.leroymerlin.es/productos/marcas/htw/
Huawei;https://www.leroymerlin.es/productos/marcas/huawei/
Huber;https://www.leroymerlin.es/productos/marcas/huber/
Hunter;https://www.leroymerlin.es/productos/marcas/hunter/
Husqvarna;https://www.leroymerlin.es/productos/marcas/husqvarna/
Hyundai;https://www.leroymerlin.es/productos/marcas/hyundai/
Ideal Standard;https://www.leroymerlin.es/productos/marcas/ideal-standard/
Idro Bric;https://www.leroymerlin.es/productos/marcas/idro-bric/
Ikon Sleep;https://www.leroymerlin.es/productos/marcas/ikon-sleep/
Imex;https://www.leroymerlin.es/productos/marcas/imex/
IMOR;https://www.leroymerlin.es/productos/marcas/imor/
Imou;https://www.leroymerlin.es/productos/marcas/imou/
Impact;https://www.leroymerlin.es/productos/marcas/impact/
Indesit;https://www.leroymerlin.es/productos/marcas/indesit/
Inex Europa;https://www.leroymerlin.es/productos/marcas/inex-europe/
Infiniton;https://www.leroymerlin.es/productos/marcas/infiniton/
Ingeperfil;https://www.leroymerlin.es/productos/marcas/ingeperfil/
Inspire;https://www.leroymerlin.es/productos/marcas/inspire/
Intasa;https://www.leroymerlin.es/productos/marcas/intasa/
Intermas;https://www.leroymerlin.es/productos/marcas/intermas/
Intex;https://www.leroymerlin.es/productos/marcas/intex/
Isover;https://www.leroymerlin.es/productos/marcas/isover/
ITCPower;https://www.leroymerlin.es/productos/marcas/itcpower/
Jacob Delafon;https://www.leroymerlin.es/productos/marcas/jacob-delafon/
Jardibric;https://www.leroymerlin.es/productos/marcas/jardibric/
Jocca;https://www.leroymerlin.es/productos/marcas/jocca/
Jose Moret;https://www.leroymerlin.es/productos/marcas/jose-moret/
Joseph&Joseph;https://www.leroymerlin.es/productos/marcas/joseph-joseph/
Jouplast;https://www.leroymerlin.es/productos/marcas/jouplast/
Joyma;https://www.leroymerlin.es/productos/marcas/joyma/
Juba;https://www.leroymerlin.es/productos/marcas/juba/
Junkers;https://www.leroymerlin.es/productos/marcas/junkers/
Just Light;https://www.leroymerlin.es/productos/marcas/leuchten-direkt/
Karcher;https://www.leroymerlin.es/productos/marcas/karcher/
Kerakoll;https://www.leroymerlin.es/productos/marcas/keracol/
Keter;https://www.leroymerlin.es/productos/marcas/keter/
Kh-7;https://www.leroymerlin.es/productos/marcas/kh-7/
Kibath;https://www.leroymerlin.es/productos/marcas/kibath/
KingFoc;https://www.leroymerlin.es/productos/marcas/kingfoc/
Koen Home;https://www.leroymerlin.es/productos/marcas/koen-home/
Krups;https://www.leroymerlin.es/productos/marcas/krups/
La Pajarita;https://www.leroymerlin.es/productos/marcas/pajarita/
Lacunza;https://www.leroymerlin.es/productos/marcas/lacunza/
Ledkia;https://www.leroymerlin.es/productos/marcas/ledkia/
Leds C4;https://www.leroymerlin.es/productos/marcas/leds-c4/
LEDUNI GLOBAL;https://www.leroymerlin.es/productos/marcas/leduni-global/
Ledvance;https://www.leroymerlin.es/productos/marcas/ledvance/
Legrand;https://www.leroymerlin.es/productos/marcas/legrand/
Leifheit;https://www.leroymerlin.es/productos/marcas/leifheit/
Lexman;https://www.leroymerlin.es/productos/marcas/lexman/
LG;https://www.leroymerlin.es/productos/marcas/lg/
Life Cerámica;https://www.leroymerlin.es/productos/marcas/life-ceramica/
Light Prestige;https://www.leroymerlin.es/productos/marcas/light-prestige/
Lince;https://www.leroymerlin.es/productos/marcas/lince/
Lincoln;https://www.leroymerlin.es/productos/marcas/lincoln/
Livan Home;https://www.leroymerlin.es/productos/marcas/livan-home/
Loctite;https://www.leroymerlin.es/productos/marcas/loctite/
Lomazoo;https://www.leroymerlin.es/productos/marcas/lomazoo/
Lumiplus;https://www.leroymerlin.es/productos/marcas/lumiplus/
Luxens, nuestra marca;https://www.leroymerlin.es/productos/marcas/luxens/
M-Confort;https://www.leroymerlin.es/productos/marcas/m-confort/
M.Pascual;https://www.leroymerlin.es/productos/marcas/m-pascual/
Maestre baños;https://www.leroymerlin.es/productos/marcas/maestre-banos/
Makita;https://www.leroymerlin.es/productos/marcas/makita/
Mantra;https://www.leroymerlin.es/productos/marcas/mantra/
Mapau Avantarea;https://www.leroymerlin.es/productos/marcas/mapau-avantarea/
Marco Mammoliti;https://www.leroymerlin.es/productos/marcas/marco-mammoliti/
Massó;https://www.leroymerlin.es/productos/marcas/masso/
Matespo;https://www.leroymerlin.es/productos/marcas/matespo/
Matnature;https://www.leroymerlin.es/productos/marcas/matnature/
Max Home;https://www.leroymerlin.es/productos/marcas/max-home/
Mediclinics;https://www.leroymerlin.es/productos/marcas/mediclinics/
Meka Block;https://www.leroymerlin.es/productos/marcas/meka-block/
Mellerware;https://www.leroymerlin.es/productos/marcas/mellerware/
Mepamsa;https://www.leroymerlin.es/productos/marcas/mepamsa/
Metabo;https://www.leroymerlin.es/productos/marcas/metabo/
MibaWood;https://www.leroymerlin.es/productos/marcas/miba-wood/
Michelin;https://www.leroymerlin.es/productos/marcas/michelin/
Mitsubishi Electric;https://www.leroymerlin.es/productos/marcas/mitsubishi-electric/
Mitsubishi Heavy Industries;https://www.leroymerlin.es/productos/marcas/mitsubishi-heavy-industries/
Molins;https://www.leroymerlin.es/productos/marcas/molins/
Monestir;https://www.leroymerlin.es/productos/marcas/monestir/
Montana Colors;https://www.leroymerlin.es/productos/marcas/montana-colors/
Moonia;https://www.leroymerlin.es/productos/marcas/moonia/
Morfeo;https://www.leroymerlin.es/productos/marcas/morfeo/
Moulinex;https://www.leroymerlin.es/productos/marcas/moulinex/
Movelar;https://www.leroymerlin.es/productos/marcas/movelar/
Murtra;https://www.leroymerlin.es/productos/marcas/murtra/
Muvit;https://www.leroymerlin.es/productos/marcas/muvit/
Nalui;https://www.leroymerlin.es/productos/marcas/nalui/
Narvi;https://www.leroymerlin.es/productos/marcas/narvi/
Naterial;https://www.leroymerlin.es/productos/marcas/naterial/
Naturalex;https://www.leroymerlin.es/productos/marcas/naturalex/
Naturamia;https://www.leroymerlin.es/productos/marcas/naturamia/
Nebadoon;https://www.leroymerlin.es/productos/marcas/nebadoon/
Netatmo;https://www.leroymerlin.es/productos/marcas/netatmo/
Neudorff;https://www.leroymerlin.es/productos/marcas/neudorf/
New Garden;https://www.leroymerlin.es/productos/marcas/new-garden/
Nielsen;https://www.leroymerlin.es/productos/marcas/nielsen/
Niessen;https://www.leroymerlin.es/productos/marcas/niessen/
Nilfisk;https://www.leroymerlin.es/productos/marcas/nilfisk/
Ninja;https://www.leroymerlin.es/productos/marcas/ninja/
Nivian;https://www.leroymerlin.es/productos/marcas/nivian/
Nora Flames;https://www.leroymerlin.es/productos/marcas/nora-flames/
Novofloor;https://www.leroymerlin.es/productos/marcas/novofloor/
Nuestra marca Isoxa;https://www.leroymerlin.es/productos/marcas/isoxa/
Nuki;https://www.leroymerlin.es/productos/marcas/nuki/
Obath;https://www.leroymerlin.es/productos/marcas/obath/
Okiun;https://www.leroymerlin.es/productos/marcas/okiun/
Olfa;https://www.leroymerlin.es/productos/marcas/olfa/
Olimpia Splendid;https://www.leroymerlin.es/productos/marcas/olimpia-splendid/
Onduline;https://www.leroymerlin.es/productos/marcas/onduline/
One Deco;https://www.leroymerlin.es/productos/marcas/one-deco/
Optimer;https://www.leroymerlin.es/productos/marcas/optimer/
Orbegozo;https://www.leroymerlin.es/productos/marcas/orbegozo/
Osram;https://www.leroymerlin.es/productos/marcas/osram/
OUTR;https://www.leroymerlin.es/productos/marcas/outr/
Outsunny;https://www.leroymerlin.es/productos/marcas/outsunny/
Oxirite;https://www.leroymerlin.es/productos/marcas/oxirite/
Oxiron;https://www.leroymerlin.es/productos/marcas/oxiron/
Pamesa;https://www.leroymerlin.es/productos/marcas/pamesa/
Panadero;https://www.leroymerlin.es/productos/marcas/panadero/
Panespol;https://www.leroymerlin.es/productos/marcas/panespol/
Paredes Seguridad;https://www.leroymerlin.es/productos/marcas/paredes/
Pattex;https://www.leroymerlin.es/productos/marcas/pattex/
Pavimentos Arquiservi;https://www.leroymerlin.es/productos/marcas/pavimentos-arquiservi/
Penosil;https://www.leroymerlin.es/productos/marcas/penosil/
Pepe Peñalver;https://www.leroymerlin.es/productos/marcas/pepe-penalver/
Perfilería EGA;https://www.leroymerlin.es/productos/marcas/perfileria-ega/
Peronda;https://www.leroymerlin.es/productos/marcas/peronda/
Peugeot;https://www.leroymerlin.es/productos/marcas/peugeot/
Philips;https://www.leroymerlin.es/productos/marcas/philips/
Philips HUE;https://www.leroymerlin.es/productos/marcas/philips-hue/
Pica Marker;https://www.leroymerlin.es/productos/marcas/pica-marker/
Pikolin;https://www.leroymerlin.es/productos/marcas/pikolin/
Pintura Montó;https://www.leroymerlin.es/productos/marcas/monto-pinturas/
Placo;https://www.leroymerlin.es/productos/marcas/placo/
Plastiken;https://www.leroymerlin.es/productos/marcas/plastiken/
Poalgi;https://www.leroymerlin.es/productos/marcas/poalgi/
Portaceli;https://www.leroymerlin.es/productos/marcas/portaceli/
Portus;https://www.leroymerlin.es/productos/marcas/portus/
Power X-Change;https://www.leroymerlin.es/productos/marcas/power-x-change/
Pramac;https://www.leroymerlin.es/productos/marcas/pramac/
Primagran;https://www.leroymerlin.es/productos/marcas/primagran/
Princess;https://www.leroymerlin.es/productos/marcas/princess/
Profiltek;https://www.leroymerlin.es/productos/marcas/profiltek/
Promade;https://www.leroymerlin.es/productos/marcas/promade/
Purline;https://www.leroymerlin.es/productos/marcas/purline/
Pylontech;https://www.leroymerlin.es/productos/marcas/pylontech/
Quilosa;https://www.leroymerlin.es/productos/marcas/quilosa/
Rain Bird;https://www.leroymerlin.es/productos/marcas/rain-bird/
Reality Lightning;https://www.leroymerlin.es/productos/marcas/reality-lightning/
Redpop;https://www.leroymerlin.es/productos/marcas/redpop/
REI;https://www.leroymerlin.es/productos/marcas/rei/
Remock Lockey;https://www.leroymerlin.es/productos/marcas/remock-lockey/
Renolit;https://www.leroymerlin.es/productos/marcas/renolit/
Revetón;https://www.leroymerlin.es/productos/marcas/reveton/
Revex;https://www.leroymerlin.es/productos/marcas/revex/
Robusta;https://www.leroymerlin.es/productos/marcas/robusta/
Roca;https://www.leroymerlin.es/productos/marcas/roca/
Roca tiles;https://www.leroymerlin.es/productos/marcas/rocatiles/
Rockwool;https://www.leroymerlin.es/productos/marcas/rockwool/
Rointe;https://www.leroymerlin.es/productos/marcas/rointe/
Rollgum;https://www.leroymerlin.es/productos/marcas/rollgum/
Rowenta;https://www.leroymerlin.es/productos/marcas/rowenta/
Royal Sleep;https://www.leroymerlin.es/productos/marcas/royal-sleep/
Royo Spain;https://www.leroymerlin.es/productos/marcas/royo-spain/
RUBI;https://www.leroymerlin.es/productos/marcas/rubi/
Rubson;https://www.leroymerlin.es/productos/marcas/rubson/
Russell Hobbs;https://www.leroymerlin.es/productos/marcas/russell-hobbs/
S'afielina;https://www.leroymerlin.es/productos/marcas/safielina/
Saint Honoré;https://www.leroymerlin.es/productos/marcas/saint-honore/
Salgar;https://www.leroymerlin.es/productos/marcas/salgar/
Salki;https://www.leroymerlin.es/productos/marcas/salki/
Saloni;https://www.leroymerlin.es/productos/marcas/saloni/
Sambeat;https://www.leroymerlin.es/productos/marcas/sambeat/
Samsung;https://www.leroymerlin.es/productos/marcas/samsung/
SANEAPLAST & METALSANT, SL;https://www.leroymerlin.es/productos/marcas/saneaplast-metalsant-sl/
Sanycces;https://www.leroymerlin.es/productos/marcas/sanycces/
Sanytol;https://www.leroymerlin.es/productos/marcas/sanytol/
Saunier Duval;https://www.leroymerlin.es/productos/marcas/saunier-duval/
Schneider Electric;https://www.leroymerlin.es/productos/marcas/schneider-electrics/
Scs Sentinel;https://www.leroymerlin.es/productos/marcas/scs-sentinel/
SCS Sentinel;https://www.leroymerlin.es/productos/marcas/scs-sentinel/
Sedpa;https://www.leroymerlin.es/productos/marcas/sedpa/
Segurestil;https://www.leroymerlin.es/productos/marcas/segurestil/
Seguridad Tesa;https://www.leroymerlin.es/productos/marcas/seguridad-tesa/
SENOR;https://www.leroymerlin.es/productos/marcas/senor/
Sensea;https://www.leroymerlin.es/productos/marcas/sensea/
Shelly;https://www.leroymerlin.es/productos/marcas/shelly/
Siemens;https://www.leroymerlin.es/productos/marcas/electrodomesticos-siemens/
Sika;https://www.leroymerlin.es/productos/marcas/sika/
Silestone;https://www.leroymerlin.es/productos/marcas/silestone/
Simon;https://www.leroymerlin.es/productos/marcas/simon/
Simonrack;https://www.leroymerlin.es/productos/marcas/simonrack/
Sistemas Horticolas Almeria;https://www.leroymerlin.es/productos/marcas/sistemas-horticolas-almeria/
Skil;https://www.leroymerlin.es/productos/marcas/skil/
Smartcret;https://www.leroymerlin.es/productos/marcas/smartcret/
Smeg;https://www.leroymerlin.es/productos/marcas/smeg/
Snickers Workwear;https://www.leroymerlin.es/productos/marcas/snickers-workwear/
Sobuy;https://www.leroymerlin.es/productos/marcas/sobuy/
SoBuy;https://www.leroymerlin.es/productos/marcas/sobuy/
Sogem;https://www.leroymerlin.es/productos/marcas/sogen/
Solid Gear;https://www.leroymerlin.es/productos/marcas/solid-gear/
Solo ECM;https://www.leroymerlin.es/productos/marcas/solo-ecm/
Somfy;https://www.leroymerlin.es/productos/marcas/somfy/
Songmics Home;https://www.leroymerlin.es/productos/marcas/songmics-home/
Sonoff;https://www.leroymerlin.es/productos/marcas/sonoff/
Soudal;https://www.leroymerlin.es/productos/marcas/soudal/
Soulhome;https://www.leroymerlin.es/productos/marcas/soulhome/
Spaceo;https://www.leroymerlin.es/productos/marcas/spaceo/
Spaceo, nuestra marca;https://www.leroymerlin.es/productos/marcas/spaceo/
Sparco;https://www.leroymerlin.es/productos/marcas/sparco/
Spax;https://www.leroymerlin.es/productos/marcas/spax/
Standard Hidraulica;https://www.leroymerlin.es/productos/marcas/standard-hidraulica/
Standers;https://www.leroymerlin.es/productos/marcas/standers/
Stanley Fatmax;https://www.leroymerlin.es/productos/marcas/stanley-fatmax/
Stayer;https://www.leroymerlin.es/productos/marcas/stayer/
Sterwins;https://www.leroymerlin.es/productos/marcas/sterwins/
StoresDeco;https://www.leroymerlin.es/productos/marcas/storesdeco/
Strohm Teka;https://www.leroymerlin.es/productos/marcas/strohm-teka/
Sulion;https://www.leroymerlin.es/productos/marcas/sulion/
Sunseeker;https://www.leroymerlin.es/productos/marcas/sunseeker/
Supra;https://www.leroymerlin.es/productos/marcas/supra/
Sweeek;https://www.leroymerlin.es/productos/marcas/sweeek/
Tado;https://www.leroymerlin.es/productos/marcas/tado/
Tapo;https://www.leroymerlin.es/productos/marcas/tapo/
TAPPWATER;https://www.leroymerlin.es/productos/marcas/tappwater/
Tarkett;https://www.leroymerlin.es/productos/marcas/tarkett/
Tatay;https://www.leroymerlin.es/productos/marcas/tatay/
Taurus;https://www.leroymerlin.es/productos/marcas/taurus/
Tayg;https://www.leroymerlin.es/productos/marcas/tayg/
TCL;https://www.leroymerlin.es/productos/marcas/tcl/
TColors;https://www.leroymerlin.es/productos/marcas/tcolors/
Tecnolmac;https://www.leroymerlin.es/productos/marcas/tecnolmac/
Tefal;https://www.leroymerlin.es/productos/marcas/tefal/
Tejas Borja;https://www.leroymerlin.es/productos/marcas/tejas-borja/
Teka;https://www.leroymerlin.es/productos/marcas/teka/
Televes;https://www.leroymerlin.es/productos/marcas/televes/
Tensite;https://www.leroymerlin.es/productos/marcas/tensite/
Terry;https://www.leroymerlin.es/productos/marcas/terry/
Tesa;https://www.leroymerlin.es/productos/marcas/tesa/
Tesa Assa Abloy;https://www.leroymerlin.es/productos/marcas/tesa-assa-abloy/
TESY;https://www.leroymerlin.es/productos/marcas/tesy/
Thermogreen;https://www.leroymerlin.es/productos/marcas/thermogreen/
Thomson;https://www.leroymerlin.es/productos/marcas/thomson/
THT;https://www.leroymerlin.es/productos/marcas/tht/
THU Ceiling Solutions;https://www.leroymerlin.es/productos/marcas/thu/
Timbela;https://www.leroymerlin.es/productos/marcas/timbela/
Titanlux;https://www.leroymerlin.es/productos/marcas/titanlux/
Toscano;https://www.leroymerlin.es/productos/marcas/toscano/
Toshiba;https://www.leroymerlin.es/productos/marcas/toshiba/
Toupret;https://www.leroymerlin.es/productos/marcas/toupret/
Toyotomi;https://www.leroymerlin.es/productos/marcas/toyotomi/
Tp Link;https://www.leroymerlin.es/productos/marcas/tp-link/
Trio lightning;https://www.leroymerlin.es/productos/marcas/trio-lightning/
Tuhome Concept;https://www.leroymerlin.es/productos/marcas/tuhome-concept/
Turboair;https://www.leroymerlin.es/productos/marcas/turboair/
U-Power;https://www.leroymerlin.es/productos/marcas/u-power/
Ufesa;https://www.leroymerlin.es/productos/marcas/ufesa/
Uhu;https://www.leroymerlin.es/productos/marcas/uhu/
Ulma;https://www.leroymerlin.es/productos/marcas/ulma/
Ultenic;https://www.leroymerlin.es/productos/marcas/ultenic/
Vaillant;https://www.leroymerlin.es/productos/marcas/vaillant/
Valentine;https://www.leroymerlin.es/productos/marcas/valentine/
Velasco, Mesas y Sillas;https://www.leroymerlin.es/productos/marcas/velasco-sillas-y-mesas/
Velilla;https://www.leroymerlin.es/productos/marcas/velilla/
Velux;https://www.leroymerlin.es/productos/marcas/velux/
Verniprens;https://www.leroymerlin.es/productos/marcas/verniprens/
Versa;https://www.leroymerlin.es/productos/marcas/versa/
Vevor;https://www.leroymerlin.es/productos/marcas/vevor/
VEVOR;https://www.leroymerlin.es/productos/marcas/vevor/
Victron Energy;https://www.leroymerlin.es/productos/marcas/victron-energy/
Vileda;https://www.leroymerlin.es/productos/marcas/vileda/
VISO;https://www.leroymerlin.es/productos/marcas/visobath/
Vithal Garden;https://www.leroymerlin.es/productos/marcas/vithal/
Vito;https://www.leroymerlin.es/productos/marcas/vito/
Vitral por Glassinox;https://www.leroymerlin.es/productos/marcas/glassinox/
Wagner;https://www.leroymerlin.es/productos/marcas/wagner/
Wallbox;https://www.leroymerlin.es/productos/marcas/wallbox/
WD-40;https://www.leroymerlin.es/productos/marcas/wd-40/
Weber barbacoas;https://www.leroymerlin.es/productos/marcas/weber/
Wellhome;https://www.leroymerlin.es/productos/marcas/wellhome/
Wenko;https://www.leroymerlin.es/productos/marcas/wenko/
What the sleep;https://www.leroymerlin.es/productos/marcas/what-the-sleep/
Whirlpool;https://www.leroymerlin.es/productos/marcas/whirlpool/
Wolfcraft;https://www.leroymerlin.es/productos/marcas/wolfcraft/
Wonderlamp;https://www.leroymerlin.es/productos/marcas/wonderlamp/
Wood´s;https://www.leroymerlin.es/productos/marcas/wood-s/
Woodupp;https://www.leroymerlin.es/productos/marcas/woodupp/
WORX;https://www.leroymerlin.es/productos/marcas/worx/
Wuto;https://www.leroymerlin.es/productos/marcas/wuto/
Xiaomi;https://www.leroymerlin.es/productos/marcas/xiaomi/
Xtrelamp;https://www.leroymerlin.es/productos/marcas/lamparas-extremadura/
Xunzel;https://www.leroymerlin.es/productos/marcas/xunzel/
Xylazel;https://www.leroymerlin.es/productos/marcas/xylazel/
Yale;https://www.leroymerlin.es/productos/marcas/yale/
Zodiac;https://www.leroymerlin.es/productos/marcas/zodiac/