Бренд;Категория;Формат номера;Примеры оригинальных номеров
3-EN-UNO;Краски и химия;Артикул производителя;3-EN-1 MULTIUSOS
3M;Крепеж;Артикул + серия;3M 471; 3M VHB 4910
Aduro;Барбекю;Модель;Aduro 9; Aduro Hybrid
AEG;Бытовая техника;"L + цифра + буквы/цифры; 9-значный PNC";L6FBG841CA;EWA7800-U;L8WEC166C;BPS351120M
Aeropress;Кухня;Модель;AeroPress Original; AeroPress Go
Aguaplast;Краски и химия;Название продукта;Aguaplast Profesional
Aica;Сантехника;Артикул;AICA-001
Aigostar;Бытовая техника;Модель;Aigostar Cube; Aigostar Tower
Aiper;Бассейны;Название серии + поколение;Seagull Pro;Scuba S1
Aire+;Климат;Модель;Aire+ Portable
Airpress;Компрессоры;HL + цифры/цифры;HL 340-150;LM 50-350
Aktive;Спорт;Артикул;AKTIVE-001
Alberts;Мебель;Артикул;Alberts-001
Alecook;Кухня;Артикул;Alecook-001
Alpina;Краски;Название + код;Alpina Weiß; Alpina Nature
Altuna;Металлоизделия;Артикул;Altuna-001
Aluplak;Алюминий;Артикул;Aluplak-001
Alvic;Мебельные панели;Коллекция;Alvic Luxe; Alvic Deep
AMIG;Метизы;"4 цифры; серия + код";5800;10801;46/40
Amorim Cork;Пробка;Артикул;Amorim-001
Andemen;Декор;Артикул;Andemen-001
Angel Cerda;Керамика;Артикул;Angel Cerda-001
Aplike;Декор;Артикул;Aplike-001
Aqara;Умный дом;"Название + код; ZN/SJCGQ";Hub M2;Door Sensor P2;ZNQBKG24LM
AR Shelving;Стеллажи;Модель;AR-001
Arcane;Декор;Артикул;Arcane-001
Arco;Мебель;Артикул;Arco-001
Argenta;Двери;Модель;Argenta-001
Ariston;Водонагреватели;"Серия + код; LYDOS/VELIS";Lydos R 50;Velis Evo 50;Andris2 30
Armobany;Ванные комнаты;Коллекция;Armobany-001
Arregui;Метизы;"Серия + код; CR + цифры";CR-1000;E-5721
Arte Confort;Декор;Артикул;Arte Confort-001
Artecristal;Стекло;Артикул;Artecristal-001
Artens;Сантехника (марка LM);Название коллекции + код;Artens Basic;Artens Plus
Artysan;Декор;Артикул;Artysan-001
Ascale;Лестницы;Модель;Ascale-001
Astigarraga Kit Line;Дерево;Артикул;Astigarraga-001
Aurlane;Матрасы;Модель;Aurlane-001
Autosolar;Солнечная энергия;Модель;Autosolar-001
Axton;Стройматериалы;Артикул;Axton-001
AYR;Декор;Артикул;AYR-001
Azuvi;Керамика;Коллекция;Azuvi-001
Balay;Бытовая техника;3TS/3HB/3EB + цифры + буквы;3TS763BA;3HB4331B0;3EB963FR;3VS6360IA
Bano Total;Ванные комнаты;Коллекция;Bano Total-001
Baño Total;Ванные комнаты;Коллекция;Bano Total-001
Banydea;Ванные комнаты;Коллекция;Banydea-001
Basic;Стройматериалы;Артикул;Basic-001
Basins;Сантехника;Модель;Basins-001
Bathco;Ванные комнаты;Коллекция;Bathco-001
Baxi;Отопление;Серия + цифры/буквы;Eco3 240 Fi;Neoprime Plus 24
Bayer;Химия;Артикул;Bayer-001
BAYROL;Химия для бассейнов;Артикул;BAYROL-001
Beissier;Изоляция;Артикул;Beissier-001
Beko;Бытовая техника;Буквы + цифры + буквы (длинная);RCNA365E30ZX;DIN26420;WUE6512X0;BM3WFU4921WB
Bellobath;Ванные комнаты;Коллекция;Bellobath-001
Bellota;Инструменты;"4-5 цифр; серия + размер";3600-19;5305-B;7010-32
Benetton;Текстиль;Артикул;Benetton-001
Bernstein;Инструменты;Артикул;Bernstein-001
Bestherm;Отопление;Модель;Bestherm-001
Bestway;Бассейны;5 цифр (+BW);56283;54005;58323;64733
Bialetti;Кухня;Название + размер чашек;Moka Express 3tz;Venus 6tz
Bio+;Эко;Артикул;Bio+-001
Biohort;Садовая мебель;Модель;Biohort-001
Bissell;Уборка;Название серии + 4 цифры;CrossWave 17132;SpinWave 3110J;SpotClean 3698
BJC;Электрика;Артикул;BJC-001
Black And Decker;Электроинструмент;2-4 буквы + цифры (+BDC/BD);BDCDD12;KA300;MT350K;BDCDC18;GW3030;KS801SEK
BLACK+DECKER;Электроинструмент;2-4 буквы + цифры (+BDC/BD);BDCDD12;KA300;MT350K;BDCDC18;GW3030;KS801SEK
Bluetti;Аккумуляторы;EB/AC/EP + цифры (+P/Max);EB3A;EB70;AC200P;AC200MAX;EP500Pro
Bormioli;Стекло;Артикул;Bormioli-001
Bosch;Электроинструмент;"Профи: 0 601 XXX XXX / GXX X-XX; Зелёный: 0 603 XXX XXX; быт.техника: буквы+цифры";GBH 2-26 DRE;GSB 18V-21;GWS 750-115;0 601 9A5 000;PSR 1800 LI-2;WAN24268ES
Boschmarín;Автомобильные аксессуары;Артикул;Boschmarín-001
Brabantia;Кухня;"6 цифр; серия + код";480628;402385;Bo Touch Bin 114349
Braun;Бытовая техника;"Series цифра + код; MQ/MQ7";Series 9 9290cc;MQ7035X;Series 5 50-B1200s
Bricoeasy;Стройматериалы;Артикул;Bricoeasy-001
Bricoplaza;Стройматериалы;Артикул;Bricoplaza-001
Brilliant;Освещение;Артикул;Brilliant-001
BRITA;Фильтры;Модель;BRITA Marella; BRITA Flow
Britec;Электрика;Артикул;Britec-001
Broil King;Барбекю;Модель;Broil King-001
Bruguer;Краски;"RAL код; название + код";RAL 9010;Blanco 5057507
Burg-wächter;Безопасность;Название серии + цифры/буквы;Point 22 T;SecuTronic;Magno M 60
BYD;Электромобили;Модель;BYD-001
Caminetti;Отопление;Модель;Caminetti-001
Campingaz;Барбекю;"N Series + название; цифры";3 Series Classic L;4 Series Classic LS;2000035648
Candela;Освещение;Артикул;Candela-001
Candy;Бытовая техника;Буквы + цифры + буквы (+/1);RO41276DWC/1;CBUN6102W;CS1482DE;GVS H9A2TCE-S
Capa;Стройматериалы;Артикул;Capa-001
Capsa;Упаковка;Артикул;Capsa-001
Carmo;Автомобильные аксессуары;Артикул;Carmo-001
Castalla;Металлоизделия;Артикул;Castalla-001
Cata;Кухонная техника;ILM/GL/BETA + цифры;ILM 3285;GL 75;BETA 700;TF-2003
Caterpillar;Обувь;Модель;Caterpillar-001
Cecotec;Бытовая техника;Название серии + цифры;Conga 3090;ForceSilence 850;Conga 9990;Bake&Toast 2214
Cementos Portland;Цемент;Тип;Portland-001
Cerámica Mayor;Керамика;Коллекция;Cerámica Mayor-001
Cerámicas La Paloma;Керамика;Коллекция;Cerámicas La Paloma-001
Cevik;Компрессоры;CE- + серия + цифры;CE-PRO50VX;CE-EVO25
Ceys;Краски и химия;"CEYS-5 цифр; 5-6 цифр";CEYS-61401;100012;507260
Chacon;Электрика;"34/54 + цифры; DIO 54xxx";54006;34312;DiO 1.0 54545
Chint;Электрика;Артикул;Chint-001
Chova;Кровля;Название + цифры;ChovaPAN 4kg;FonoDan 70
Ciarra;Кухонная техника;Модель;Ciarra-001
Cintacor;Крепеж;Артикул;Cintacor-001
Claber;Полив;"4 цифры; серия + код";90774;91023;Aqua-Magic
Codiven;Декор;Артикул;Codiven-001
Cointra;Водонагреватели;Серия + цифры/буквы;TND-50;Supreme 11 B
Color Desing;Краски;Коллекция;Color Desing-001
Command™;Крепеж;Артикул;Command-001
Compac;Поверхности;Коллекция;Compac-001
Compo;Садовая химия;"10 цифр; NATRIA + название";1136302025;Natria;Duaxo 1198402005
Cool kids;Детские товары;Артикул;Cool kids-001
Corberó;Бытовая техника;Модель;Corberó-001
Corep;Упаковка;Артикул;Corep-001
Cortinadecor;Текстиль;Артикул;Cortinadecor-001
Cosori;Кухонная техника;CAF/CP + буквы + цифры;CAF-L501;CP158-AF;CS158
Cotton Artean;Текстиль;Артикул;Cotton Artean-001
Coverlam;Керамика;Коллекция;Coverlam-001
Crea espacios ordenados y diferentes.;Мебель;Артикул;Emuca-001
Creabath;Ванные комнаты;Коллекция;Creabath-001
Create;Декор;Артикул;Create-001
Cristal Record;Стекло;Артикул;Cristal Record-001
Cromados Modernos;Сантехника;Модель;Cromados Modernos-001
Cygnus Bath;Ванные комнаты;Коллекция;Cygnus Bath-001
Daikin;Климат;FTX/ATX + цифры + буквы;FTXS35K;ATXS35K;Sensira FTXC35C
Daitsu;Климат;Модель;Daitsu-001
Dalber;Декор;Артикул;Dalber-001
Danosa;Изоляция;Название + вес/толщина;Esterdan 30 P;ChovANAPA 4kg
DC Solar Energy;Солнечная энергия;Модель;DC Solar Energy-001
Decoproyec;Декор;Артикул;Decoproyec-001
Decor Et Jardin;Сад;Артикул;Decor Et Jardin-001
DekoArte;Декор;Артикул;DekoArte-001
Dekton;Поверхности;Коллекция;Dekton-001
Delinia;Кухни (марка LM);iD + модуль + код;Delinia iD 60;iD 76.8x37
Delinia Id;Стройматериалы;Артикул;Delinia Id-001
Delinia ID;Стройматериалы;Артикул;Delinia ID-001
DeliVita;Кухня;Модель;DeliVita-001
Delonghi;Бытовая техника;"ECAM + цифры + буквы; серия";ECAM22.110.B;KG79;TRRS0920
Deocantera;Декор;Артикул;Deocantera-001
Descansin;Матрасы;Модель;Descansin-001
DEWALT;Электроинструмент;D + 2-3 буквы + 3-4 цифры (+комплект);DCD791D2;DWE7492;DCH273;DCF885N;DWST1-71195
Dexter;Стройматериалы (марка LM);"Внутренний артикул; серия";Dexter Pro 18V;DXTR-001
Dexter Pro;Стройматериалы;Артикул;Dexter Pro-001
Deye;Солнечная энергия;SUN- + мощность + -SG..;SUN-5K-SG03LP1-EU;SUN-12K-SG04LP3
Dhome;Умный дом;Серия + код;DHOME-001
Digebis;Аптека;Артикул;Digebis-001
DiO;Электрика;Артикул;DiO-001
Dolphin;Бассейны;"Серия + год; E-серия";E30;S200;99996221
Dormelle;Матрасы;Модель;Dormelle-001
Dremel;Электроинструмент;4 цифры (+комплектация через дефис);3000-1/25;8220-5/65;4300;Dremel Lite 7760-15
DUÉRMETE ONLINE;Матрасы;Модель;DUÉRMETE ONLINE-001
Dumawall;Декор;Артикул;Dumawall-001
Duravit;Сантехника;6 цифр (+00/серия);210909;031851;253709;222209
Duscholux;Душевые кабины;Модель;Duscholux-001
Easydeco;Декор;Артикул;Easydeco-001
Eco-Blu;Эко;Артикул;Eco-Blu-001
Ecode;Фитнес;Модель;Ecode-001
Ecoflow;Аккумуляторы;DELTA/RIVER + цифры/Max/Pro;Delta 2;Delta Pro;River 2 Max;PowerStream 800W
Edesa Electrodomésticos;Бытовая техника;Модель;Edesa-001
Edouard Rousseau;Декор;Артикул;Edouard Rousseau-001
Eglo;Освещение;"5 цифр; серия + код";94273;32916;49962
Egore;Декор;Артикул;Egore-001
Eider Biomasa;Отопление;Модель;Eider Biomasa-001
Einhell;Электроинструмент;TE/TC/GE/GC-XX цифры (+Li, /1, S);TE-CD 18/2 Li;TC-VC 1820 S;GE-WS 18/75;TC-TS 2025/2 U;GH-EC 2040
Electrolux;Бытовая техника;Модель;Electrolux-001
Elica;Кухонная техника;Модель;Elica-001
Elnur Gabarron;Отопление;Модель;Elnur Gabarron-001
Emac;Металлоизделия;Артикул;Emac-001
Emuca;Мебельная фурнитура;Артикул;Emuca-001
Energeeks;Электроника;Артикул;Energeeks-001
Energizer;Аккумуляторы;Тип + количество;MAX E92; Recharge Power Plus
Enki;Сантехника;Модель;Enki-001
Equation;Стройматериалы (марка LM);Внутренний артикул;EQ-001
Escaleras Villar;Лестницы;Модель;Escaleras Villar-001
Espa;Насосы;Модель;Espa-001
Essebagno;Ванные комнаты;Коллекция;Essebagno-001
Eufy;Умный дом;T + 4 цифры (+буквы);T8210;T8400;RoboVac 11S
Euronit;Стройматериалы;Артикул;Euronit-001
Eurosegur;Безопасность;Артикул;Eurosegur-001
Exagres;Керамика;Коллекция;Exagres-001
Ez Plus;Аксессуары;Артикул;Ez Plus-001
Ezviz;Умный дом;CS- + серия + код;CS-C6N;CS-H8C
FAC;Крепеж;"Серия + код; 3-4 цифры";436-R/80;949
Fackelmann;Кухня;5 цифр;40372;25964
Facula;Декор;Артикул;Facula-001
Fácula;Декор;Артикул;Fácula-001
Fagor;Бытовая техника;Модель;Fagor-001
Falcat;Инструменты;Артикул;Falcat-001
Feel Your Bath;Ванные комнаты;Коллекция;Feel Your Bath-001
Fermacell;Стройматериалы;"Название + код; 79 + цифры";79012;15mm 2E32
Fermax;Домофоны;"4-5 цифр; LOFT/VEO";3390;VEO 9441;Loft Extra 3300
Ferroli;Отопление;Серия + цифры + буквы;Divatop F 24;Bluehelix Pro 25
Fila Solutions;Химия;Артикул;Fila Solutions-001
Finsa;Дерево;Коллекция;Finsa-001
Fischer;Крепеж;"5-6 цифр; тип + размер";554705;SX 6 x 30;077886;UX 8 x 50
Fiskars;Садовый инструмент;"1 + 6 цифр; серия X/1000";1000555;115360;Solid 1027529
Fleck;Водонагреватели;Серия + литры;Nilo 50L;Bon 2.0
Flex;Электроинструмент;3 буквы + цифры;GE 5 R;LBE 125 18.0-EC;496825
Fominaya;Мебель;Артикул;Fominaya-001
Fonestar;Электроника;Серия + цифры/буквы;SM-3016;BABY-1N
Fontini;Электрика;Артикул;Fontini-001
Forge Adour;Барбекю;Модель;Forge Adour-001
Forlight;Освещение;Артикул;Forlight-001
Franke;Кухни;Артикул;Franke-001
Fregaderos Franke;Кухни;Артикул;Franke-001
Fujitsu;Климат;ASY + цифры + буквы;ASY35UI-KP;ASY3525U11MI-KM
Fusion Home;Мебель;Артикул;Fusion Home-001
Gabelex;Упаковка;Артикул;Gabelex-001
Gaggia;Кофе;"Название + код; RI + цифры";RI8525/01;Classic Evo
Gala;Керамика;Коллекция;Gala-001
Garbar;Автомобильные аксессуары;Артикул;Garbar-001
Gardena;Садовая техника;4-5 цифр + дефис + 2 цифры;1830-20;04128-20;18700-26;15301-20
Gardenode;Сад;Артикул;Gardenode-001
Garland;Сад;Артикул;Garland-001
Garza;Бытовая техника;Модель;Garza-001
Garza SmartHome;Умный дом;Модель;Garza SmartHome-001
Gayafores;Керамика;Коллекция;Gayafores-001
Gedy;Ванные комнаты;Артикул;Gedy-001
Genergy;Генераторы;Название серии + мощность;FEROE 4600W;RODAS 3800W;LIMITED2000i;SOLAS 4500
Geolia;Стройматериалы;Название + код;Geolia 100mm
Geopannel;Изоляция;Артикул;Geopannel-001
Gerflor;Напольные покрытия;Артикул;0512; Taralay
Gierre;Инструменты;Артикул;Gierre-001
GME División Baños;Ванные комнаты;Коллекция;GME División Baños-001
Google;Электроника;"GA + 5 цифр (-ES); серия + код";GA01334-ES;GA01410-US;Nest H2B
Graf;Насосы;Артикул;Graf-001
Graphenstone;Краски;Артикул;Graphenstone-001
Gre;Бассейны;"KIT/AR + цифры; FIDJI/серия";KITPR453;FIDJI 350;AR510
Greenice;Освещение;Артикул;Greenice-001
Grespania;Керамика;Коллекция;Grespania-001
Griferías Maier;Сантехника;Модель;Griferías Maier-001
Grohe;Сантехника;8 цифр;32686000;23328001;32843000;34294000
Grosfillex;Садовая мебель;Модель;Grosfillex-001
Growatt;Солнечная энергия;MIN/MOD/MAC + цифры + TL3-X;MIN 3000TL-XE;MOD 10KTL3-X;SPF 5000 ES
Grupo Puma;Стройматериалы;Артикул;Grupo Puma-001
Haier;Бытовая техника;HW/HSU + цифры + буквы + дефисы;HW80-B14979;HSU-09HT203/R03;HTR3619ENMN
Haier electrodomésticos;Бытовая техника;Буквы + цифры;HW80-B14979; HSU-09HT203/R03
Hailo;Лестницы;Артикул;Hailo-001
Hansgrohe;Сантехника;7 цифр;71400000;14877000;26521400;27366000
Haverland;Отопление;Серия + цифры;RC8E;IDK-2
Help Flash;Автомобильные аксессуары;Артикул;Help Flash-001
Hergom;Отопление;Модель;Hergom-001
Hg;Химия;Артикул;Hg-001
HJM;Отопление;Модель;HJM-001
Hoggar;Декор;Артикул;Hoggar-001
Homcom;Мебель;Артикул;Homcom-001
Home mercury;Декор;Артикул;Home mercury-001
Homekit Mobel;Мебель;Артикул;Homekit Mobel-001
Homestar;Декор;Артикул;Homestar-001
Hozelock;Полив;"4 цифры; серия + название";2475;2598;Auto Reel 2401
HTW;Климат;Модель;HTW-001
Huawei;Электроника;Модель;Huawei-001
Huber;Стройматериалы;Артикул;Huber-001
Hunter;Вентиляция;Модель;Hunter-001
Husqvarna;Садовая техника;3 цифры + буквы серии;525 P4S;122HD45;445 II;Automower 305;LC 140P
Hyundai;Автомобильные аксессуары;Модель;Hyundai-001
Ideal Standard;Сантехника;Буква + 4 цифры + 2 буквы;B4813AA;T0501AA;K725401;E927901
Idro Bric;Стройматериалы;Артикул;Idro Bric-001
Ikon Sleep;Матрасы;Модель;Ikon Sleep-001
Imex;Металлоизделия;Артикул;Imex-001
IMOR;Декор;Артикул;IMOR-001
Imou;Умный дом;"Серия + код; IPC-";IPC-A22EP;Ranger 2C
Impact;Инструменты;Артикул;Impact-001
Indesit;Бытовая техника;Буквы + цифры + буквы;DFE 1B19;BIAA 13 P;IWD 6105;XWDE 961480X
Inex Europa;Упаковка;Артикул;Inex Europa-001
Infiniton;Климат;Модель;Infiniton-001
Ingeperfil;Металлопрофиль;Артикул;Ingeperfil-001
Inspire;Декор (марка LM);Название + код;Inspire Loft
Intasa;Дерево;Коллекция;Intasa-001
Intermas;Сетка;Артикул;Intermas-001
Intex;Бассейны;5 цифр (+XX);28211;58981;26702NP;28636
Isover;Изоляция;"Название + толщина; EAN";Vario KM 40;100mm 037303
ITCPower;Генераторы;GG/ITC + цифры + буквы;GG20i;ITC GG7500;DG7300SE
Jacob Delafon;Сантехника;"EXXXX-FR-00; серия + код";E4350-00;Vox E4350;Rythmik EXF112-00
Jardibric;Сад;Артикул;Jardibric-001
Jocca;Бытовая техника;4 цифры;5380;1130
Jose Moret;Декор;Артикул;Jose Moret-001
Joseph&Joseph;Кухня;"5 цифр; серия";60104;45005
Jouplast;Пластик;Артикул;Jouplast-001
Joyma;Декор;Артикул;Joyma-001
Juba;Стройматериалы;Артикул;Juba-001
Junkers;Отопление;Серия + код;Cerapur ZWBC 24;Hydronext 5700S
Just Light;Освещение;Артикул;Just Light-001
Karcher;Садовая техника;"K + цифра (мойки); 1.XXX-XXX.0 (артикул); WD/NT";K 2 Power Control;K 5;WD 3 P;1.324-230.0;FC 7 Cordless
Kerakoll;Стройматериалы;Артикул;Kerakoll-001
Keter;Садовая мебель;"Название + буквы; 8-значный";Store It Out Max;17200331;Manor 4x6
Kh-7;Химия;Артикул;Kh-7-001
Kibath;Ванные комнаты;Артикул;Kibath-001
KingFoc;Освещение;Артикул;KingFoc-001
Koen Home;Мебель;Артикул;Koen Home-001
Krups;Кофе;"EA + цифры; серия + код";EA8108;YY3940FD;Virtuoso XP442C
La Pajarita;Химия;Артикул;La Pajarita-001
Lacunza;Отопление;Модель;Lacunza-001
Ledkia;Освещение;Артикул;Ledkia-001
Leds C4;Освещение;XX-XXXX-XX-XX;05-4680-21-M1;80-4394-14-14
LEDUNI GLOBAL;Освещение;Артикул;LEDUNI GLOBAL-001
Ledvance;Освещение;"4058075 + цифры; серия + код";4058075439282;SMART+ WiFi E27
Legrand;Электрика;"6 цифр; 4 цифры + буква";004881;500643;079752;741023
Leifheit;Уборка;Артикул;Leifheit-001
Lexman;Стройматериалы (марка LM);Внутренний артикул;LXMN-001
LG;Бытовая техника;Буквы + цифры + точки/буквы;F4V5VS0W;GBB72MCUFN;F4WR7009A6W;55C715
Life Cerámica;Керамика;Коллекция;Life Cerámica-001
Light Prestige;Освещение;Артикул;Light Prestige-001
Lince;Освещение;Артикул;Lince-001
Lincoln;Инструменты;Артикул;Lincoln-001
Livan Home;Мебель;Артикул;Livan Home-001
Loctite;Краски и химия;Название + 3 цифры;Loctite 542;Super Glue 3;Loctite 648
Lomazoo;Декор;Артикул;Lomazoo-001
Lumiplus;Освещение;Артикул;Lumiplus-001
Luxens;Освещение;Артикул;Luxens-001
M-Confort;Климат;Модель;M-Confort-001
M.Pascual;Стройматериалы;Артикул;M.Pascual-001
Maestre baños;Ванные комнаты;Коллекция;Maestre baños-001
Makita;Электроинструмент;"Буквы + цифры (+суффикс Z/X1); бензо: EA/EB";DHP453;DHP484Z;HR2470;DTD152Z;GA4530;DLM431Z
Mantra;Освещение;4-5 цифр;7020;5386;7864
Mapau Avantarea;Стройматериалы;Артикул;Mapau Avantarea-001
Marco Mammoliti;Декор;Артикул;Marco Mammoliti-001
Massó;Сантехника;Артикул;Massó-001
Matespo;Декор;Артикул;Matespo-001
Matnature;Краски;Артикул;Matnature-001
Max Home;Мебель;Артикул;Max Home-001
Mediclinics;Сантехника;Артикул;Mediclinics-001
Meka Block;Стройматериалы;Артикул;Meka Block-001
Mellerware;Бытовая техника;Название + код;Vitality 29...
Mepamsa;Керамика;Коллекция;Mepamsa-001
Metabo;Электроинструмент;Буквы + цифры (с серией LTX/BL);BS 18 LTX;KHE 2660;W 650-125;SBE 850-2;ASE 18 LTX
MibaWood;Дерево;Коллекция;MibaWood-001
Michelin;Автошины;Название линейки + поколение;Primacy 4;Pilot Sport 5;CrossClimate 2
Mitsubishi Electric;Климат;MSZ- + серия + цифры;MSZ-HR35VF;MSZ-AY35VGK
Mitsubishi Heavy Industries;Климат;SRK + цифры + буквы;SRK35ZS-W;SRK25ZSX-W
Molins;Декор;Артикул;Molins-001
Monestir;Стройматериалы;Артикул;Monestir-001
Montana Colors;Краски;"MTN 94 + код цвета; EX014";MTN 94 RV-101;EX014X0901;94 R-9010
Moonia;Декор;Артикул;Moonia-001
Morfeo;Матрасы;Модель;Morfeo-001
Moulinex;Бытовая техника;Модель;Moulinex-001
Movelar;Мебель;Артикул;Movelar-001
Murtra;Керамика;Коллекция;Murtra-001
Muvit;Аксессуары;Артикул;Muvit-001
Nalui;Декор;Артикул;Nalui-001
Narvi;Отопление;Модель;Narvi-001
Naterial;Сад;Артикул;Naterial-001
Naturalex;Матрасы;Модель;Naturalex-001
Naturamia;Сад;Артикул;Naturamia-001
Nebadoon;Декор;Артикул;Nebadoon-001
Netatmo;Умный дом;N + 2-3 буквы (код серии);NOC;NVS;NHC;NBU
Neudorff;Садовая химия;"Название + код; 00 + цифры";00447;Ferramol 500g
New Garden;Садовая мебель;Модель;New Garden-001
Nielsen;Рамки;Артикул;Nielsen-001
Niessen;Электрика;Артикул;Niessen-001
Nilfisk;Уборка;"Серия + цифры/буквы; 128 + цифры";128350015;One PC10P05A;E 145.4-9 X-TRA
Ninja;Кухонная техника;AF/OP/Foodi + цифры;AF300EU;OP300EU;BN750EU
Nivian;Текстиль;Артикул;Nivian-001
Nora Flames;Отопление;Модель;Nora Flames-001
Novofloor;Напольные покрытия;Артикул;Novofloor-001
Nuestra marca Isoxa;Стройматериалы;Артикул;Isoxa-001
Nuki;Умный дом;Smart Lock + поколение;Smart Lock 3.0 Pro;Opener
Obath;Ванные комнаты;Коллекция;Obath-001
Okiun;Декор;Артикул;Okiun-001
Olfa;Инструменты;"Серия + код; 18mm L-1";L-1;A-5;OLFA-XA-1
Olimpia Splendid;Климат;Серия + цифры;Unico Air 8;Dolceclima Compact 9
Onduline;Кровля;"Название + цвет; код";Onduline Classic Rojo;Barda 1x0.84
One Deco;Декор;Артикул;One Deco-001
Optimer;Стройматериалы;Артикул;Optimer-001
Orbegozo;Климат;Модель;Orbegozo-001
Osram;Освещение;"4058075 + цифры (EAN); серия";4058075208414;LED STAR CLASSIC A60;4052899971201
OUTR;Декор;Артикул;OUTR-001
Outsunny;Садовая мебель;Артикул;Outsunny-001
Oxirite;Краски;Артикул;Oxirite-001
Oxiron;Металлоизделия;Артикул;Oxiron-001
Pamesa;Керамика;Коллекция;Pamesa-001
Panadero;Отопление;Модель;Panadero-001
Panespol;Стройматериалы;Артикул;Panespol-001
Paredes Seguridad;Безопасность;Артикул;Paredes Seguridad-001
Pattex;Клеи;"Название + код; EAN 4015";Repair Express;No More Nails 2544356
Pavimentos Arquiservi;Напольные покрытия;Артикул;Pavimentos Arquiservi-001
Penosil;Стройматериалы;"Premium + код; Standard";Premium GunFoam B1;EasySpray 700ml
Pepe Peñalver;Декор;Артикул;Pepe Peñalver-001
Perfilería EGA;Металлопрофиль;Артикул;Perfilería EGA-001
Peronda;Керамика;Коллекция;Peronda-001
Peugeot;Автомобильные аксессуары;Модель;Peugeot-001
Philips;Бытовая техника;2 буквы + 4 цифры (+/NN);HD9252/90;GC4938/30;HR2221/00;EP3246/70
Philips HUE;Освещение;"9290 + 9 цифр (EAN-подобный); серия";929002472601;9290012573A;Hue White E27 8718696548738
Pica Marker;Инструменты;"Pica-Серия + код; 150/46";Pica-Dry 3030;Pica-Ink 150/46
Pikolin;Матрасы;Модель;Pikolin-001
Pintura Montó;Краски;Артикул;Pintura Montó-001
Placo;Стройматериалы;"BA13 + размер; название";Placoplatre BA13 2500x1200;PregyMetal D600
Plastiken;Пластик;Артикул;Plastiken-001
Poalgi;Упаковка;Артикул;Poalgi-001
Portaceli;Стройматериалы;Артикул;Portaceli-001
Portus;Стройматериалы;Артикул;Portus-001
Power X-Change;Аккумуляторы;Артикул;Power X-Change-001
Pramac;Генераторы;S/ES/PX + цифры;S5000;ES8000;PX5000;E5000-THIPI
Primagran;Поверхности;Коллекция;Primagran-001
Princess;Кухонная техника;6 цифр;182025;249415
Profiltek;Профили;Артикул;Profiltek-001
Promade;Стройматериалы;Артикул;Promade-001
Purline;Напольные покрытия;Артикул;Purline-001
Pylontech;Аккумуляторы;"US/UP/UF + 4 цифры (+C/B); Force-L1/L2";US3000C;US2000C;UP2500;UP5000;US5000B;Force-L2
Quilosa;Краски и химия;"Название + код; Sintex M-";Sintex M-50;Orbasil K-86
Rain Bird;Полив;"Серия + код; 1/2 + цифры";3504-PC;1804;XFD 500
Reality Lightning;Освещение;Артикул;Reality Lightning-001
Redpop;Декор;Артикул;Redpop-001
REI;Стройматериалы;Артикул;REI-001
Remock Lockey;Безопасность;Модель;Remock Lockey-001
Renolit;Стройматериалы;Артикул;Renolit-001
Revetón;Стройматериалы;Артикул;Revetón-001
Revex;Электрика;Артикул;Revex-001
Robusta;Инструменты;Артикул;Robusta-001
Roca;Сантехника;"A + 8-9 знаков (буквы/цифры); цифры";A5A3C09C00;A5A0C15C00;893105001;A342599000
Roca tiles;Керамика;Коллекция;Roca tiles-001
Rockwool;Изоляция;Название + цифры;Frontrock Max E 100;Airrock ND 50
Rointe;Отопление;Серия + цифры;D Series DTI033;Kyros KRI0770RAD3
Rollgum;Стройматериалы;Артикул;Rollgum-001
Rowenta;Бытовая техника;2 буквы + 4 цифры + буквы;CV8622;RO6432EA;RY7557WH;TN1410
Royal Sleep;Матрасы;Модель;Royal Sleep-001
Royo Spain;Керамика;Коллекция;Royo Spain-001
RUBI;Инструменты;"5 цифр; серия + код";15907;12973;TX-700-N 17973
Rubson;Стройматериалы;Артикул;Rubson-001
Russell Hobbs;Бытовая техника;Модель;Russell Hobbs-001
S'afielina;Декор;Артикул;S'afielina-001
Saint Honoré;Декор;Артикул;Saint Honoré-001
Salgar;Ванные комнаты;Артикул;Salgar-001
Salki;Стройматериалы;Артикул;Salki-001
Saloni;Керамика;Коллекция;Saloni-001
Sambeat;Климат;Модель;Sambeat-001
Samsung;Бытовая техника;WW/RB/DV + цифры + буквы;WW80T554DAW;RB38T776FSA;DV90TA040AE;AR12TXHQASINEU
SANEAPLAST & METALSANT;Сантехника;Артикул;SANEAPLAST-001
Sanycces;Ванные комнаты;Коллекция;Sanycces-001
Sanytol;Химия;Артикул;Sanytol-001
Saunier Duval;Отопление;Серия + цифры;Themafast Condens F25;Isofast F28
Schneider Electric;Электрика;"WDE/LV + 6 цифр; A9 + 5 цифр";WDE000381;LV431625;A9F04216;R9H04416
Scs Sentinel;Умный дом;Модель;Scs Sentinel-001
SCS Sentinel;Умный дом;Модель;Scs Sentinel-001
Sedpa;Стройматериалы;Артикул;Sedpa-001
Segurestil;Безопасность;Артикул;Segurestil-001
Seguridad Tesa;Безопасность;Артикул;Seguridad Tesa-001
SENOR;Электрика;Артикул;SENOR-001
Sensea;Ванные комнаты;Коллекция;Sensea-001
Shelly;Умный дом;Shelly + серия + код;Shelly 1PM;Shelly Plus 2PM;SHSW-25
Siemens;Бытовая техника;2 буквы + цифры + буквы;SN23EI14CE;WM14N26XES;HB578G5S6;KI81RAFE0
Sika;Краски и химия;Sika + название + цифры;SikaFlex-111;Sikafloor-156;SikaBond-T2
Silestone;Поверхности;Коллекция;Silestone-001
Simon;Электрика;"5 цифр-2 цифры; серия 27/82/100";10101-39;75001-39;82805-30;10020101-039
Simonrack;Мебель;Артикул;Simonrack-001
Sistemas Horticolas Almeria;Сад;Артикул;Sistemas Horticolas Almeria-001
Skil;Электроинструмент;4 цифры + 2 буквы;2005 AA;6505 AA;3010 CA;0780 AA
Smartcret;Стройматериалы;Артикул;Smartcret-001
Smeg;Бытовая техника;Модель;Smeg-001
Snickers Workwear;Одежда;Артикул;Snickers Workwear-001
Sobuy;Мебель;Артикул;Sobuy-001
SoBuy;Мебель;Артикул;SoBuy-001
Sogem;Металлоизделия;Артикул;Sogem-001
Solid Gear;Обувь;Артикул;Solid Gear-001
Solo ECM;Климат;Модель;Solo ECM-001
Somfy;Умный дом;"1240/2401 + код; серия + цифры";1240630;Sonesse 40;Connexoon Window
Songmics Home;Мебель;Артикул;Songmics Home-001
Sonoff;Умный дом;"Серия + код; BASIC/S26";Basic R2;S26R2;TH16
Soudal;Краски и химия;"Серия + код; 100 + цифры";Soudafoam 750;Fix All High Tack
Soulhome;Декор;Артикул;Soulhome-001
Spaceo;Ванные комнаты;Коллекция;Spaceo-001
Spaceo;Ванные комнаты;Коллекция;Spaceo-001
Sparco;Автоаксессуары;"Серия + код; SPC + цифры";SPC0905;R100 03777
Spax;Крепеж;"Размер + тип; EAN-артикул";SPAX 4x40;5001010350405;T-STAR plus 5x60
Standard Hidraulica;Сантехника;Артикул;Standard Hidraulica-001
Standers;Стройматериалы;Артикул;Standers-001
Stanley Fatmax;Электроинструмент;SFM/FMC + буквы + цифры;SFMCD700;FMC627D2;FMHT0-70886;SFMCS500
Stayer;Инструменты;Буквы + цифры;SA 200;L2023K;TH1100
Sterwins;Стройматериалы;Артикул;Sterwins-001
StoresDeco;Текстиль;Артикул;StoresDeco-001
Strohm Teka;Кухни;Артикул;Strohm Teka-001
Sulion;Освещение;Артикул;Sulion-001
Sunseeker;Бассейны;Артикул;Sunseeker-001
Supra;Отопление;Модель;Supra-001
Sweeek;Мебель;Артикул;Sweeek-001
Tado;Умный дом;Название + поколение;Smart Thermostat V3+;AC Control V3
Tapo;Умный дом;Tapo + буква + 3 цифры;Tapo C200;Tapo P100;Tapo L510E
TAPPWATER;Фильтры;Модель;TAPPWATER-001
Tarkett;Напольные покрытия;Артикул + коллекция;14007045; Art Vinyl
Tatay;Пластик;"5 цифр; серия";1150001;4480101
Taurus;Бытовая техника;Модель;Taurus-001
Tayg;Сад;"Название + код; TG + цифры";TG-51;Basurero 110L
TCL;Бытовая техника;Буквы + цифры;55C715; TCL-24D3020
TColors;Краски;Артикул;TColors-001
Tecnolmac;Стройматериалы;Артикул;Tecnolmac-001
Tefal;Бытовая техника;2 буквы + 4 цифры + суффикс;GV9620E0;CY7788;FZ7738;SW341D;KI150D30
Tejas Borja;Кровля;Артикул;Tejas Borja-001
Teka;Кухни;"ML/HLB/Maestro + цифры; 40xxxxx";ML 915;HLB 8400;Maestro ML 822 BIS;40483540
Televes;Электрика;4-6 цифр;5355;769001;5602
Tensite;Крепеж;Артикул;Tensite-001
Terry;Садовая мебель;Модель;Terry-001
Tesa;Крепеж;Артикул;Tesa-001
Tesa Assa Abloy;Безопасность;Артикул;Tesa Assa Abloy-001
TESY;Водонагреватели;Серия + цифры;BiLight GCV 50;ModEco 80
Thermogreen;Изоляция;Артикул;Thermogreen-001
Thomson;Электроника;Модель;Thomson-001
THT;Стройматериалы;Артикул;THT-001
THU Ceiling Solutions;Потолки;Артикул;THU Ceiling Solutions-001
Timbela;Садовая мебель;Модель;Timbela-001
Titanlux;Краски;Название + код 3 цифры;TITANLUX 401;Barniz Mar 527;Esmalte 533
Toscano;Декор;Артикул;Toscano-001
Toshiba;Электроника;Модель;Toshiba-001
Toupret;Стройматериалы;"Название + цифры; EAN";Cachet Rouge N3;TX130;3178310013001
Toyotomi;Отопление;Серия + цифры;Zibro LC-30;Kero SRE 301
Tp Link;Электроника;"TL-/Archer/Deco + буквы/цифры; Tapo + буква + цифры";TL-WR840N;Archer AX55;Deco X20;Tapo C200;Tapo P100
Trio lightning;Освещение;Артикул;Trio lightning-001
Tuhome Concept;Умный дом;Модель;Tuhome Concept-001
Turboair;Кухонная техника;Модель;Turboair-001
U-Power;Энергия;"UP- + N + OPZS + ёмкость; серия AGM/LFP";UP-8OPZS800;UP-10OPZS1000;UP2500 2,8kWh;4 OPZS 200
Ufesa;Кухонная техника;Модель;Ufesa-001
Uhu;Клеи;"Название + код; 3 цифры";UHU 125;Hart 33;Super Glue 45870
Ulma;Стройматериалы;Артикул;Ulma-001
Ultenic;Уборка;U/D + цифры;U11 Pro;D5s Pro
Vaillant;Отопление;ecoTEC + серия + код;ecoTEC pure VMW 236;0010022444
Valentine;Декор;Артикул;Valentine-001
Velasco;Мебель;Артикул;Velasco-001
Velilla;Текстиль;Артикул;Velilla-001
Velux;Окна;GGU/GGL + 4 цифры + код;GGL 3062;MK04 78x98
Verniprens;Стройматериалы;Артикул;Verniprens-001
Versa;Мебель;Артикул;Versa-001
Vevor;Инструменты;Артикул;Vevor-001
VEVOR;Инструменты;Артикул;Vevor-001
Victron Energy;Энергия;"SCC + 12 цифр (part); серия + вольты/амперы";SCC115070211;SCC010070200;SmartSolar MPPT 150/70;BlueSolar 12/24V 30A;MultiPlus 48/3000/35
Vileda;Уборка;"6 цифр; название серии";158632;121167;EasyWring Turbo
VISO;Ванные комнаты;Коллекция;VISO-001
Vithal Garden;Сад;Артикул;Vithal Garden-001
Vito;Отопление;Модель;Vito-001
Vitral por Glassinox;Стекло;Артикул;Vitral por Glassinox-001
Wagner;Краскопульты;W/Control Pro + цифры;W 590;Control Pro 250 M;2394313
Wallbox;Зарядные станции;Pulsar/Copper + код;Pulsar Plus 7.4kW;PLP1-0-02-3-9
WD-40;Химия;Артикул;WD-40-001
Weber barbacoas;Барбекю;"7 цифр; серия + буквы";4140001;1357004;1221004;1741001
Wellhome;Декор;Артикул;Wellhome-001
Wenko;Ванные комнаты;Артикул;Wenko-001
What the sleep;Матрасы;Модель;What the sleep-001
Whirlpool;Бытовая техника;AWO/WFO/W6 + цифры + буквы;AWO/D 7220;WFO 3T123 P;W6 W945WB;FFB 9469 BV
Wolfcraft;Инструменты;7 цифр;4640000;6906500;4522304
Wonderlamp;Освещение;Артикул;Wonderlamp-001
Wood´s;Дерево;Артикул;Wood´s-001
Woodupp;Дерево;Артикул;Woodupp-001
WORX;Электроинструмент;"WX + 3 цифры (+дробь); WG/WU сад";WX372;WX255;WG630E;WU127;WX082L
Wuto;Декор;Артикул;Wuto-001
Xiaomi;Электроника;"BHR + 4 цифры + 2 буквы; XM/XMYX + цифры + YM";BHR4268GL;XMYX02YM;BHR4702GL;Mi 360° 2K
Xtrelamp;Освещение;Артикул;Xtrelamp-001
Xunzel;Солнечная энергия;SOLARX-/SOLARPOWER-/CBP-/ACDC- + цифры/буквы;SOLARX-240;SOLARPOWER-XUNZEL-120W;CBP-XUNZEL-30;ACDC-XUNZEL-12V-6A;SOLARX-Lithium-120-12
Xylazel;Краски и химия;5-значный номер;50052; X-400
Yale;Безопасность;"YDM + цифры; серия";YDM3109;YSM/250/EG1
Zodiac;Бассейны;"Серия + цифры; WR0000";WR000027;Voyager RE 4200;MX8
﻿Бренд;Категория;Формат номера;Примеры оригинальных номеров
DEDRA;Электроинструмент;DED + 4 цифры (+буква/комплект A0X);"DED7850;DED7042;DED7014;DED7030A02;DED7093"
Dnipro-M;Электроинструмент;Буквы серии + 3 цифры + BC/H (+ULTRA, KIT);"DTD-201BC;DSB-25H;CD-204BC KIT;DMS-202BC"
FUXTEC;Электроинструмент/сад;FX- + буква(ы) + цифры (+SET);"FX-E1RH20;FX-RH1;FX-E1BS20;FX-CT500"
Graphite;Электроинструмент;58G + 3 цифры (EAN-подобный);"58G868;58G000;58G874;57G810"
HIKOKI;Электроинструмент;DH/DV/G + цифры + буквы (+WSZ комплект);"DH40MEY2Z;DH40MEY2WSZ;DV18DBFL2;G18DSL"
MEISTER;Электроинструмент;"Серия + мощность W; 5 цифр";"Meister MHR1010;1010 W 230 V"
Powerplus;Электроинструмент;POW + буква + 4-5 цифр;"POWX1170;POWE40030;POWDP5020"
RATIO;Электроинструмент;MR/AR + 4 цифры + буквы;"MR1050ND;AR1050;MR950N"
RYOBI;Электроинструмент;"R18 + буквы + цифры; OBL/ONE+";"R18PD3-0;R18AG7-0;OBL1820S;RRS1801M"
Scheppach;Электроинструмент;"AB/DH/HD + цифры (модель); 59 + 8 цифр (артикул)";"AB1600;5908201901;DH1200;HD2P"
Silverline;Инструменты;6 цифр;"633809;427555;240271;249765"
VERTEX;Электроинструмент;VMW/VM + 3-4 цифры (+RED);"VMW900RED;VMW1050;VM-1200"
BEXTCOK;Маркетплейс (noname);Своей системы нет — использовать мощность/тип как ID;BEXTCOK 20V 6.0Ah
MellWin;Маркетплейс (noname);Своей системы нет — модель по мощности;MellWin 670W 26mm
SucceBuy;Маркетплейс (noname);Своей системы нет — тип + параметр;SucceBuy 15T
TEKMAQUINAS;Запчасти (маркетплейс);Совместимость вместо номера (Yamaha G2-G22);G2-G22 clutch kit
DS Plus;⚠ НЕ БРЕНД;Это хвост «SDS Plus» (тип патрона) из названия Metabo — удалить;—
KH;⚠ НЕ БРЕНД;Это префикс модели Metabo (KH 18 LTX) — бренд = Metabo;—
